title,price,rating,image,reviews_count
Apple,,4.5 out of 5 stars,https://m.media-amazon.com/images/I/712dp0yAydL._AC_UY218_.jpg,4.5 out of 5 stars
Apple,,4.8 out of 5 stars,https://m.media-amazon.com/images/I/71Ej6sIsNaL._AC_UY218_.jpg,4.8 out of 5 stars
Apple,,4.8 out of 5 stars,https://m.media-amazon.com/images/I/613RuHJEBQL._AC_UY218_.jpg,Overall Pick
Apple,,4.7 out of 5 stars,https://m.media-amazon.com/images/I/61IU99MrvIL._AC_UY218_.jpg,4.7 out of 5 stars
LISEN,$20.99,4.4 out of 5 stars,https://m.media-amazon.com/images/I/719FcsSKsCL._AC_UY218_.jpg,4.4 out of 5 stars
Kuzy,$19.99,4.8 out of 5 stars,https://m.media-amazon.com/images/I/41ior5v9kkL._AC_UY218_.jpg,4.8 out of 5 stars
"Premium Keyboard Cover Protector, Ultra Thin Keyboard Skin for M2 M3 M4 MacBook Air 15"", M2 M3 M4 MacBook Air 13.6"", 2024 2023 2022 2021 MacBook Pro 14"" 16"" M4 M3 M2 M1 Chip Pro/Max",$8.99,4.5 out of 5 stars,https://m.media-amazon.com/images/I/71hy31pGgYL._AC_UY218_.jpg,4.5 out of 5 stars
"Tempered Glass Screen Protector for 2025-2022 MacBook Air M4 M3 M2 13.6"" (A3240 A3113 A2681), MacBook Air 13 M4 M3 M2 Chip Screen Protector [9H Hardness Tempered Glass] [No bubbles] [Anti Fingerprint]",$11.98,3.9 out of 5 stars,https://m.media-amazon.com/images/I/6130uZznShL._AC_UY218_.jpg,3.9 out of 5 stars
F FORITO,$17.96,4.4 out of 5 stars,https://m.media-amazon.com/images/I/71xvcZ4hyML._AC_UY218_.jpg,4.4 out of 5 stars
TOBENONE,$169.99,4.8 out of 5 stars,https://m.media-amazon.com/images/I/61mH6mZlc7L._AC_UY218_.jpg,4.8 out of 5 stars
"Mac Book Pro Charger - 118W USB C Charger Fast Charger Compatible with MacBook pro/Air, M1 M2 M3 M4, ipad Pro, Samsung Galaxy and All USB C Device, Include Charge Cable",$26.83,4.4 out of 5 stars,https://m.media-amazon.com/images/I/51cpWg2Ay7L._AC_UY218_.jpg,4.4 out of 5 stars
"for 2025 MacBook Air 13.6 Inch Case M4 A3240 M3 A3113 M2 A2681 2024 2023 2022 Release, Glitter Black Printed Plastic Hard Shell Cover for Mac Air 13.6 M4 M3 M2 Chip Touch ID, Butterfly Sky",$25.99,4.6 out of 5 stars,https://m.media-amazon.com/images/I/71PA2LhfNgL._AC_UY218_.jpg,SponsoredSponsored
Charger for Mac Book Air 15 13 Inch Mac Book Pro14 Inch M4 M3 M2 M1 from 2025 2024 2023 2022 2021 70W USB-C to Mag 3 Power Adapter Include 6.6FT 5A USB-C to Magnetic 3 Cable (Original Quality),$29.99,4.6 out of 5 stars,https://m.media-amazon.com/images/I/61dNEKNWbsL._AC_UY218_.jpg,4.6 out of 5 stars
TOBENONE,$161.99,4.6 out of 5 stars,https://m.media-amazon.com/images/I/61MV+-ibIEL._AC_UY218_.jpg,4.6 out of 5 stars
F FORITO,$23.96,4.7 out of 5 stars,https://m.media-amazon.com/images/I/71aiQJ3O6UL._AC_UY218_.jpg,4.7 out of 5 stars
ProElife,$10.49,4.6 out of 5 stars,https://m.media-amazon.com/images/I/71+y5q6SDcL._AC_UY218_.jpg,4.6 out of 5 stars
LISEN,$20.99,4.4 out of 5 stars,https://m.media-amazon.com/images/I/719FcsSKsCL._AC_UY218_.jpg,SponsoredSponsored
"2-Pack for MacBook Air 13.6 inch Screen Protector M4 M3 M2 2025-2022 [Notchless Full-Coverage] [4K Ultra HD, Like Bare Screen] Laptop Screen Protector for MacBook Air 13"" A3240 A3113 A2681",$19.99,,https://m.media-amazon.com/images/I/71Zjy+qEEBL._AC_UY218_.jpg,
Teryeefi,$18.99,4.2 out of 5 stars,https://m.media-amazon.com/images/I/6147Yg4HlaL._AC_UY218_.jpg,SponsoredSponsored
"Charger for MacBook Pro 14 16 inch MacBook Air 13 15 inch 2025 2024 2023 2022 2021 M4 M3 M2 M1, 96W / 70W USB C Power Adapter, 6.6FT USB C to 3 Braided Cable LED, Powerful Connect, Original Quality",$39.99,4.1 out of 5 stars,https://m.media-amazon.com/images/I/51nFAL44JLL._AC_UY218_.jpg,SponsoredSponsored
"Charger for MacBook Air 13 15 inch MacBook Pro 14 inch 2025 2024 2023 2022 2021 M4 M3 M2 M1, 70W USB C Power Adapter, 6.6FT USB C to 3 Braided Cable with LED, Powerful Connect, Original Quality",$39.99,4.4 out of 5 stars,https://m.media-amazon.com/images/I/51ATvfRzQiL._AC_UY218_.jpg,SponsoredSponsored
